[
    {
        "id": 0,
        "manager": "Juan Perez"
    },
    {
        "id": 1,
        "manager": "Maria Gomez"
    },
    {
        "id": 2,
        "manager": "Luis Rodriguez"
    },
    {
        "id": 3,
        "manager": "Ana Martinez"
    },
    {
        "id": 4,
        "manager": "Carlos Sanchez"
    },
    {
        "id": 5,
        "manager": "Sofia Lopez"
    },
    {
        "id": 6,
        "manager": "Diego Fernandez"
    },
    {
        "id": 7,
        "manager": "Elena Ramirez"
    }
]