[
  {
    "id": 0,
    "truckId": "TRUCK123",
    "andenId": 0,
    "arrivalTime": 1764100800000,
    "departureTime": 1764082800000,
    "loadTime": 1764064800000,
    "returnTime": 1764126000000,
    "tripDuration": 3600000,
    "loadDuration": 1800000,
    "unloadDuration": 1800000,
    "origin": [
      52.520008,
      13.404954
    ],
    "destination": [
      40.416775,
      -3.70379
    ],
    "driver": "John Doe",
    "status": "scheduled"
  },
  {
    "id": 1,
    "truckId": "TRUCK456",
    "andenId": 1,
    "arrivalTime": 1764100800000,
    "departureTime": 1764082800000,
    "loadTime": 1764064800000,
    "returnTime": 1764126000000,
    "tripDuration": 3600000,
    "loadDuration": 1800000,
    "unloadDuration": 1800000,
    "origin": [
      48.856613,
      2.352222
    ],
    "destination": [
      41.902782,
      12.496366
    ],
    "driver": "Jane Smith",
    "status": "in transit"
  },
  {
    "id": 2,
    "truckId": "TRUCK789",
    "andenId": 2,
    "arrivalTime": 1764100800000,
    "departureTime": 1764082800000,
    "loadTime": 1764064800000,
    "returnTime": 1764126000000,
    "tripDuration": 3600000,
    "loadDuration": 1800000,
    "unloadDuration": 1800000,
    "origin": [
      51.507351,
      -0.127758
    ],
    "destination": [
      52.520008,
      13.404954
    ],
    "driver": "Alice Brown",
    "status": "scheduled"
  },
  {
    "id": 3,
    "truckId": "TRUCK101",
    "andenId": 3,
    "arrivalTime": 1764100800000,
    "departureTime": 1764082800000,
    "loadTime": 1764064800000,
    "returnTime": 1764126000000,
    "tripDuration": 3600000,
    "loadDuration": 1800000,
    "unloadDuration": 1800000,
    "origin": [
      55.755825,
      37.617298
    ],
    "destination": [
      48.856613,
      2.352222
    ],
    "driver": "Bob Green",
    "status": "in transit"
  },
  {
    "id": 4,
    "truckId": "TRUCK112",
    "andenId": 4,
    "arrivalTime": 1764100800000,
    "departureTime": 1764082800000,
    "loadTime": 1764064800000,
    "returnTime": 1764126000000,
    "tripDuration": 3600000,
    "loadDuration": 1800000,
    "unloadDuration": 1800000,
    "origin": [
      41.385063,
      2.173404
    ],
    "destination": [
      40.416775,
      -3.70379
    ],
    "driver": "Carlos Ruiz",
    "status": "scheduled"
  },
  {
    "id": 5,
    "truckId": "TRUCK131",
    "andenId": 5,
    "arrivalTime": 1764100800000,
    "departureTime": 1764082800000,
    "loadTime": 1764064800000,
    "returnTime": 1764126000000,
    "tripDuration": 3600000,
    "loadDuration": 1800000,
    "unloadDuration": 1800000,
    "origin": [
      45.464203,
      9.189982
    ],
    "destination": [
      41.902782,
      12.496366
    ],
    "driver": "Diana Lee",
    "status": "in transit"
  },
  {
    "id": 6,
    "truckId": "TRUCK415",
    "andenId": 6,
    "arrivalTime": 1764100800000,
    "departureTime": 1764082800000,
    "loadTime": 1764064800000,
    "returnTime": 1764126000000,
    "tripDuration": 3600000,
    "loadDuration": 1800000,
    "unloadDuration": 1800000,
    "origin": [
      50.110922,
      8.682127
    ],
    "destination": [
      48.856613,
      2.352222
    ],
    "driver": "Evan Patel",
    "status": "scheduled"
  },
  {
    "id": 7,
    "truckId": 0,
    "andenId": 7,
    "arrivalTime": 1764126000000,
    "departureTime": 1764079200000,
    "loadTime": 1764072000000,
    "returnTime": 1764172800000,
    "tripDuration": 46800000,
    "loadDuration": 7200000,
    "unloadDuration": 3600000,
    "origin": [
      19.534301929702877,
      -99.1693061570561
    ],
    "destination": [
      25.741717531182424,
      -103.6969375786353
    ],
    "driver": "Evan Patel",
    "status": "scheduled"
  }
]