[
    {
        "id": 0,
        "plate": "ABC123",
        "company": "JD Logistics"
    },
    {
        "id": 1,
        "plate": "XYZ789",
        "company": "Fast Transport"
    },
    {
        "id": 2,
        "plate": "LMN456",
        "company": "Quick Move"
    },
    {
        "id": 3,
        "plate": "DEF321",
        "company": "Speedy Delivery"
    },
    {
        "id": 4,
        "plate": "GHI654",
        "company": "Reliable Haul"
    },
    {
        "id": 5,
        "plate": "JKL987",
        "company": "Express Freight"
    },
    {
        "id": 6,
        "plate": "MNO741",
        "company": "Cargo Masters"
    },
    {
        "id": 7,
        "plate": "PQR852",
        "company": "Speedy Haulers"
    },
    {
        "id": 8,
        "plate": "STU963",
        "company": "Transpo Experts"
    },
    {
        "id": 9,
        "plate": "VWX159",
        "company": "LogiTrans"
    },
    {
        "id": 10,
        "plate": "YZA753",
        "company": "HaulPro"
    },
    {
        "id": 11,
        "plate": "BCD258",
        "company": "MoveIt"
    },
    {
        "id": 12,
        "plate": "EFG369",
        "company": "Truckers Inc."
    },
    {
        "id": 13,
        "plate": "HIJ147",
        "company": "Freight Solutions"
    },
    {
        "id": 14,
        "plate": "KLM258",
        "company": "Rapid Transit"
    },
    {
        "id": 15,
        "plate": "NOP369",
        "company": "Cargo Express"
    }
]