[
  {
    "id": 1763916997763,
    "transportId": "PBU-1809",
    "dockId": 2,
    "arrivalTs": 1764000000000,
    "load": 60,
    "trip": 300,
    "unload": 120,
    "destination": [
      19.453975170747498,
      -99.18655236433894
    ],
    "locationLat": 19.453975170747498,
    "locationLng": -99.18655236433894,
    "locationAddress": "Av. Marina Nacional 40, Tacuba, Miguel Hidalgo, 11410 Ciudad de México, CDMX, México",
    "startTs": 1763978400000
  },
  {
    "id": 1763916997791,
    "transportId": "PBU-1809",
    "dockId": 2,
    "arrivalTs": 1764000000000,
    "load": 60,
    "trip": 300,
    "unload": 120,
    "destination": [
      19.453975170747498,
      -99.18655236433894
    ],
    "startTs": 1763978400000
  },
  {
    "id": 1763917038780,
    "transportId": "PBU-1809",
    "dockId": 2,
    "arrivalTs": 1763949600000,
    "load": 60,
    "trip": 300,
    "unload": 120,
    "destination": [
      19.45291545544721,
      -99.17551517486572
    ],
    "locationLat": 19.45291545544721,
    "locationLng": -99.17551517486572,
    "locationAddress": "Popotla, Ciudad de México, CDMX, México",
    "startTs": 1763928000000
  },
  {
    "id": 1763917538335,
    "transportId": "JD",
    "dockId": 5,
    "arrivalTs": 1763913600000,
    "load": 60,
    "trip": 60,
    "unload": 60,
    "destination": [
      19.45255078866884,
      -99.14844353865534
    ],
    "startTs": 1763906400000
  },
  {
    "id": 1763917538354,
    "transportId": "JD",
    "dockId": 5,
    "arrivalTs": 1763913600000,
    "load": 60,
    "trip": 60,
    "unload": 60,
    "destination": [
      19.45255078866884,
      -99.14844353865534
    ],
    "locationLat": 19.45255078866884,
    "locationLng": -99.14844353865534,
    "locationAddress": "Av. Ricardo Flores Magón 164, Buenavista, Cuauhtémoc, 06350 Buenavista, CDMX, México",
    "startTs": 1763906400000
  },
  {
    "id": 1763917580260,
    "transportId": "ALP",
    "dockId": 4,
    "arrivalTs": 1763931600000,
    "load": 120,
    "trip": 360,
    "unload": 180,
    "destination": [
      19.45291545544721,
      -99.17551517486572
    ],
    "startTs": 1763902800000
  },
  {
    "id": 1763917580279,
    "transportId": "ALP",
    "dockId": 4,
    "arrivalTs": 1763931600000,
    "load": 120,
    "trip": 360,
    "unload": 180,
    "destination": [
      19.45291545544721,
      -99.17551517486572
    ],
    "locationLat": 19.45291545544721,
    "locationLng": -99.17551517486572,
    "locationAddress": "Popotla, Ciudad de México, CDMX, México",
    "startTs": 1763902800000
  },
  {
    "id": 1763917602036,
    "transportId": "CALZONZIN",
    "dockId": 6,
    "arrivalTs": 1763910000000,
    "load": 60,
    "trip": 240,
    "unload": 60,
    "destination": [
      19.45255078866884,
      -99.14844353865534
    ],
    "startTs": 1763892000000
  },
  {
    "id": 1763917602063,
    "transportId": "CALZONZIN",
    "dockId": 6,
    "arrivalTs": 1763910000000,
    "load": 60,
    "trip": 240,
    "unload": 60,
    "destination": [
      19.45255078866884,
      -99.14844353865534
    ],
    "locationLat": 19.45255078866884,
    "locationLng": -99.14844353865534,
    "locationAddress": "Av. Ricardo Flores Magón 164, Buenavista, Cuauhtémoc, 06350 Buenavista, CDMX, México",
    "startTs": 1763892000000
  },
  {
    "id": 1763918010991,
    "transportId": "JD",
    "dockId": 8,
    "arrivalTs": 1763902800000,
    "load": 60,
    "trip": 120,
    "unload": 60,
    "destination": [
      0,
      0
    ],
    "startTs": 1763892000000
  },
  {
    "id": 1763918011030,
    "transportId": "JD",
    "dockId": 8,
    "arrivalTs": 1763902800000,
    "load": 60,
    "trip": 120,
    "unload": 60,
    "destination": [
      0,
      0
    ],
    "startTs": 1763892000000
  },
  {
    "id": 1763918272846,
    "transportId": "CALZONZIN",
    "dockId": 7,
    "arrivalTs": 1763913600000,
    "load": 60,
    "trip": 302,
    "unload": 60,
    "destination": [
      19.44795382359753,
      -99.14844353865534
    ],
    "startTs": 1763891880000
  },
  {
    "id": 1763918272870,
    "transportId": "CALZONZIN",
    "dockId": 7,
    "arrivalTs": 1763913600000,
    "load": 60,
    "trip": 302,
    "unload": 60,
    "destination": [
      19.44795382359753,
      -99.14844353865534
    ],
    "locationLat": 19.44795382359753,
    "locationLng": -99.14844353865534,
    "locationAddress": "Zaragoza 204, Buenavista, Cuauhtémoc, 06350 Buenavista, CDMX, México",
    "startTs": 1763891880000
  },
  {
    "id": 1763919027744,
    "transportId": "JD",
    "dockId": 1,
    "arrivalTs": 1763917200000,
    "load": 60,
    "trip": 120,
    "unload": 60,
    "destination": [
      19.44685312541647,
      -99.1353972740069
    ],
    "startTs": 1763906400000
  },
  {
    "id": 1763919027795,
    "transportId": "JD",
    "dockId": 1,
    "arrivalTs": 1763917200000,
    "load": 60,
    "trip": 120,
    "unload": 60,
    "destination": [
      19.44685312541647,
      -99.1353972740069
    ],
    "locationLat": 19.44685312541647,
    "locationLng": -99.1353972740069,
    "locationAddress": "C. Comonfort 72, Lagunilla, Morelos, Cuauhtémoc, 06200 Ciudad de México, CDMX, México",
    "startTs": 1763906400000
  },
  {
    "id": 1763919298465,
    "transportId": "CALZONZIN",
    "dockId": 3,
    "arrivalTs": 1763917200000,
    "load": 60,
    "trip": 120,
    "unload": 60,
    "destination": [
      19.44685312541647,
      -99.1353972740069
    ],
    "startTs": 1763906400000
  },
  {
    "id": 1763919298495,
    "transportId": "CALZONZIN",
    "dockId": 3,
    "arrivalTs": 1763917200000,
    "load": 60,
    "trip": 120,
    "unload": 60,
    "destination": [
      19.44685312541647,
      -99.1353972740069
    ],
    "locationLat": 19.44685312541647,
    "locationLng": -99.1353972740069,
    "locationAddress": "C. Comonfort 72, Lagunilla, Morelos, Cuauhtémoc, 06200 Ciudad de México, CDMX, México",
    "startTs": 1763906400000
  },
  {
    "id": 1763919463629,
    "transportId": "CALZONZIN",
    "dockId": 9,
    "arrivalTs": 1763920800000,
    "load": 60,
    "trip": 120,
    "unload": 60,
    "destination": [
      19.44296824165944,
      -99.12475426863581
    ],
    "startTs": 1763910000000
  },
  {
    "id": 1763919463662,
    "transportId": "CALZONZIN",
    "dockId": 9,
    "arrivalTs": 1763920800000,
    "load": 60,
    "trip": 120,
    "unload": 60,
    "destination": [
      19.44296824165944,
      -99.12475426863581
    ],
    "locationLat": 19.44296824165944,
    "locationLng": -99.12475426863581,
    "locationAddress": "C. Manuel Doblado 154, Tepito, Morelos, Cuauhtémoc, 06200 Ciudad de México, CDMX, México",
    "startTs": 1763910000000
  },
  {
    "id": 1763919568181,
    "transportId": "JD",
    "dockId": 2,
    "arrivalTs": 1763913600000,
    "load": 60,
    "trip": 60,
    "unload": 60,
    "destination": [
      19.45876618500324,
      -99.17007287215144
    ],
    "startTs": 1763906400000
  },
  {
    "id": 1763919568251,
    "transportId": "JD",
    "dockId": 2,
    "arrivalTs": 1763913600000,
    "load": 60,
    "trip": 60,
    "unload": 60,
    "destination": [
      19.45876618500324,
      -99.17007287215144
    ],
    "locationLat": 19.45876618500324,
    "locationLng": -99.17007287215144,
    "locationAddress": "Pte. 44 2684, San Salvador Xochimanca, Azcapotzalco, 02870 Ciudad de México, CDMX, México",
    "startTs": 1763906400000
  },
  {
    "id": 1763919625989,
    "transportId": "ALP",
    "dockId": 8,
    "arrivalTs": 1763938800000,
    "load": 60,
    "trip": 120,
    "unload": 60,
    "destination": [
      19.419649370751863,
      -99.1897201538086
    ],
    "startTs": 1763928000000
  },
  {
    "id": 1763919626059,
    "transportId": "ALP",
    "dockId": 8,
    "arrivalTs": 1763938800000,
    "load": 60,
    "trip": 120,
    "unload": 60,
    "destination": [
      19.419649370751863,
      -99.1897201538086
    ],
    "locationLat": 19.419649370751863,
    "locationLng": -99.1897201538086,
    "locationAddress": "Calz. Mahatma Gandhi 400, San Miguel Chapultepec I Secc, Miguel Hidalgo, 11580 Ciudad de México, CDMX, México",
    "startTs": 1763928000000
  }
]